cultura,area,ruas,sulco_total,plantas,N,P,K
Cana-de-açúcar,40.0,3,24.0,,200.0,400.0,520.0
Café,314.1592653589793,,,118,5026.548245743669,2827.4333882308138,1884.9555921538758
