area,plantas,N,P,K,cultura
113.09733552923255,42,1809.5573684677208,1017.8760197630929,678.5840131753953,Café
