cultura,area,ruas,sulco_total,plantas,N,P,K
Cana-de-açúcar,50.0,3,30.0,,250.0,500.0,650.0
Café,314.1592653589793,,,118,5026.548245743669,2827.4333882308138,1884.9555921538758
